Time,CWND
1.00467848777771,1
0.502460241317749,2
0.5008695125579834,2
0.0,10
0.0010077953338623047,51
0.0,257
