Time,CWND
0.5027782917022705,2
1.5054066181182861,4
2.5072734355926514,8
3.5099241733551025,9
4.512592077255249,10
